loaded hip extension angle,loaded hip flexion angle,noload hip extension angle,noload hip flexion angle,loaded hip extension moment,loaded hip flexion moment,noload hip extension moment,noload hip flexion moment,loaded hip extension line,loaded hip flexion line,noload hip extension line,noload hip flexion line,loaded knee extension angle,loaded knee flexion angle,noload knee extension angle,noload knee flexion angle,loaded knee extension moment,loaded knee flexion moment,noload knee extension moment,noload knee flexion moment,loaded knee extension line,loaded knee flexion line,noload knee extension line,noload knee flexion line,
[-7.59191274e-02 -7.54671206e-02 -7.49734492e-02 -7.44377165e-02
 -7.38593895e-02 -7.32372934e-02 -7.25708037e-02 -7.18596179e-02
 -7.11029844e-02 -7.03003535e-02 -6.94519621e-02 -6.85568899e-02
 -6.76144385e-02 -6.66245162e-02 -6.55866329e-02 -6.45001032e-02
 -6.33637862e-02 -6.21788380e-02 -6.09443572e-02 -5.96600037e-02
 -5.83263722e-02 -5.69412308e-02 -5.55049635e-02 -5.40181922e-02
 -5.24810741e-02 -5.08917537e-02 -4.92508622e-02 -4.75587979e-02
 -4.58145540e-02 -4.40186490e-02 -4.21717589e-02 -4.02729347e-02
 -3.83221601e-02 -3.63195006e-02 -3.42647118e-02 -3.21589966e-02
 -3.00017451e-02 -2.77931622e-02 -2.55337866e-02 -2.32237064e-02
 -2.08629911e-02 -1.84513973e-02 -1.59897204e-02 -1.34784420e-02
 -1.09169436e-02 -8.30761131e-03 -5.64988193e-03 -2.94224868e-03
 -1.87855279e-04  2.61308245e-03  5.46249379e-03  8.35768028e-03
  1.12977885e-02  1.42834819e-02  1.73142138e-02  2.03880831e-02
  2.35051530e-02  2.66655988e-02  2.98675035e-02  3.31102002e-02
  3.63938337e-02  3.97175988e-02  4.30796224e-02  4.64800226e-02
  4.99179215e-02  5.33915077e-02  5.69014029e-02  6.04464699e-02
  6.40249783e-02  6.76367065e-02  7.12803021e-02  7.49547295e-02
  7.86601522e-02  8.23950167e-02  8.61575410e-02  8.99477441e-02
  9.37644913e-02  9.76064407e-02  1.01472787e-01  1.05362838e-01
  1.09275393e-01  1.13208911e-01  1.17163033e-01  1.21136995e-01
  1.25128698e-01  1.29137631e-01  1.33163674e-01  1.37204576e-01
  1.41259565e-01  1.45328339e-01  1.50553630e-01  1.54641919e-01
  1.58740512e-01  1.62848056e-01  1.66963728e-01  1.71086372e-01
  1.75215248e-01  1.81613260e-01  1.85739448e-01  1.89868506e-01
  1.93998954e-01  1.98129925e-01  2.02261206e-01  2.06391083e-01
  2.10518719e-01  2.14643931e-01  2.22391251e-01  2.26527389e-01
  2.30657872e-01  2.34781643e-01  2.38897718e-01  2.39875121e-01
  2.43984457e-01  2.48084929e-01  2.52175820e-01  2.55780826e-01
  2.59851802e-01  2.62953707e-01  2.65424379e-01  2.67460617e-01
  2.71456350e-01  2.73839172e-01  2.76217347e-01  2.80165498e-01
  2.84098306e-01  2.88109199e-01  2.92008688e-01  2.95891293e-01
  2.97919836e-01  3.01774476e-01  3.08703642e-01  3.12529097e-01
  3.16336349e-01  3.20125193e-01  3.25771434e-01  3.29521008e-01
  3.33251429e-01  3.36962093e-01  3.40652603e-01  3.44322701e-01
  3.47972592e-01  3.51321292e-01  3.54935123e-01  3.58528113e-01
  3.62099274e-01  3.65648720e-01  3.69693288e-01  3.73190593e-01
  3.76665837e-01  3.80119009e-01  3.85357424e-01  3.88752985e-01
  3.92126995e-01  3.95479590e-01  3.98810516e-01  4.02120434e-01
  4.05408904e-01  4.08675266e-01  4.11920504e-01  4.15144750e-01
  4.18347271e-01  4.21528776e-01  4.24689136e-01  4.27828443e-01
  4.30947001e-01  4.34044808e-01  4.37121930e-01  4.40178059e-01
  4.43213705e-01  4.46229328e-01  4.49224665e-01  4.52199891e-01
  4.55155111e-01  4.58090202e-01  4.61005522e-01  4.63901578e-01
  4.66778097e-01  4.69635176e-01  4.72473068e-01  4.75291714e-01
  4.78091642e-01  4.80872973e-01  4.83635451e-01  4.86379496e-01
  4.89105227e-01  4.91812564e-01  4.94501987e-01  4.97173268e-01
  4.99826729e-01  5.02499573e-01  5.05115475e-01  5.07713867e-01
  5.10294380e-01  5.12857365e-01  5.15403171e-01  5.17931700e-01
  5.20442917e-01  5.22937287e-01  5.25414655e-01  5.27875027e-01]
[ 0.11066433  0.1086211   0.10658357  0.10455209  0.10252714  0.10050872
  0.09849731  0.0964931   0.09449616  0.09250696  0.09052594  0.08855322
  0.08658896  0.08463364  0.08268749  0.0807505   0.07882319  0.07690598
  0.0749987   0.07310179  0.0712158   0.06934054  0.06747617  0.06562344
  0.06378226  0.0619526   0.06013487  0.0583297   0.05653662  0.05475592
  0.05298844  0.05123368  0.04949165  0.04776295  0.0460475   0.0443455
  0.04265715  0.04098264  0.03932164  0.03767432  0.03604107  0.03442174
  0.03281611  0.0312247   0.02964762  0.02808449  0.0265354   0.02500038
  0.02347941  0.02197243  0.02047947  0.01900073  0.01753587  0.01608462
  0.01464725  0.01322356  0.01181369  0.0104172   0.00903415  0.00766409
  0.00630705  0.00496345  0.00363266  0.00231442  0.00100878 -0.00028434
 -0.00156537 -0.00283451 -0.00409155 -0.0053369  -0.00657094 -0.00779343
 -0.00900471 -0.01020526 -0.01139516 -0.01257449 -0.01374338 -0.01490221
 -0.01605106 -0.01719022 -0.01831996 -0.01944027 -0.02055145 -0.02165369
 -0.02274718 -0.02383218 -0.02490876 -0.02597715 -0.02703764 -0.02809008
 -0.0291348  -0.03017206 -0.03120199 -0.0322247  -0.0332402  -0.03424885
 -0.03525061 -0.03624527 -0.03723344 -0.03821511 -0.03919016 -0.04015873
 -0.04112094 -0.04207674 -0.04302612 -0.04396933 -0.04490608 -0.04583639
 -0.04676037 -0.04767808 -0.04858926 -0.04949378 -0.05039187 -0.05128323
 -0.05216768 -0.05410004 -0.05496793 -0.05582883 -0.05668248 -0.05752899
 -0.05652639 -0.05737049 -0.05851099 -0.05934031 -0.06119603 -0.0583656
 -0.05947895 -0.06029176 -0.0610962  -0.06184114 -0.06238265 -0.06334794
 -0.06412536 -0.0652562  -0.06600887 -0.0667504  -0.06748033 -0.06819802
 -0.06890338 -0.06976472 -0.06761168 -0.06826739 -0.06890811 -0.06953327
 -0.0701426  -0.07073544 -0.07131116 -0.07186925 -0.07240889 -0.07292958
 -0.07343059 -0.07391113 -0.07437091 -0.07480904 -0.07522518 -0.07561826
 -0.07598734 -0.07633234 -0.07665248 -0.07694676 -0.0772145  -0.07745518
 -0.07766789 -0.07785228 -0.07800731 -0.07813228 -0.07822661 -0.07828971
 -0.07832031 -0.07831783 -0.07828199 -0.07821201 -0.07810658 -0.07796542
 -0.0777879  -0.0775732  -0.07732066 -0.07702967 -0.07669963 -0.0763298 ]
[-0.21316562 -0.21306767 -0.21293995 -0.21278197 -0.21259327 -0.21237299
 -0.21212047 -0.21183557 -0.21151796 -0.21116744 -0.21078355 -0.21036555
 -0.20991245 -0.20942425 -0.20890094 -0.20834198 -0.20774703 -0.20711577
 -0.20644752 -0.20574104 -0.2049965  -0.20421439 -0.2033944  -0.20253555
 -0.20163744 -0.20070013 -0.1997227  -0.19870542 -0.19764763 -0.19654903
 -0.19540989 -0.19422973 -0.1930082  -0.19174465 -0.19043969 -0.18909261
 -0.18770353 -0.18627256 -0.18479902 -0.18328269 -0.18172356 -0.18012179
 -0.17847718 -0.17678963 -0.17505917 -0.17328598 -0.17146947 -0.16960967
 -0.16770694 -0.16576167 -0.1637736  -0.16174232 -0.15966833 -0.15755176
 -0.15539217 -0.15319044 -0.15094709 -0.1486619  -0.14633428 -0.14396458
 -0.14155374 -0.139102   -0.13660957 -0.13407629 -0.13297441 -0.13036687
 -0.1277188  -0.12503054 -0.12230256 -0.11953551 -0.11672939 -0.11388512
 -0.11100278 -0.10808315 -0.10512638 -0.10088936 -0.09784234 -0.09475969
 -0.09164186 -0.08848964 -0.08530385 -0.08208473 -0.07883216 -0.07554755
 -0.07223161 -0.0688846  -0.06550732 -0.06210047 -0.0586648  -0.05520055
 -0.05170811 -0.04818873 -0.04464281 -0.04107146 -0.03747518 -0.03385458
 -0.0328139  -0.02914354 -0.02545037 -0.0217356  -0.01800001 -0.01426409
 -0.01045636 -0.0066296  -0.00278486 -0.00066694  0.00322136  0.00712582
  0.01403512  0.01800436  0.02198682  0.02598161  0.02998801  0.03609539
  0.04014098  0.04417022  0.04611393  0.05017176  0.0542359   0.05830558
  0.06238018  0.06616457  0.07023454  0.07544583  0.07951535  0.0835862
  0.08765767  0.0917291   0.0957997   0.09986895  0.10393604  0.10800024
  0.11213042  0.11619052  0.1202461   0.1242966   0.12834144  0.13231612
  0.1372425   0.14131255  0.14508322  0.14914229  0.15554979  0.15957423
  0.16358759  0.16758962  0.17157966  0.17521399  0.17917054  0.18349625
  0.18743974  0.19136864  0.19528254  0.19918115  0.20306415  0.20693102
  0.21078143  0.21461486  0.21843107  0.22222976  0.22601057  0.22977294
  0.23351695  0.23724235  0.2409486   0.24463509  0.24830219  0.2519495
  0.25557692  0.25918398  0.26210136  0.26568745  0.26925261  0.27279661
  0.27631947  0.27982098  0.28330105  0.28675925  0.29019543  0.29360972
  0.29700208  0.30037234  0.30372042  0.3070461   0.3103492   0.31362963
  0.31688769  0.32012321  0.32333633  0.32652671  0.32969419  0.33283882
  0.33596081  0.33906     0.34213658  0.34519023  0.34822105  0.35122894
  0.35421424  0.35717677]
[ 0.00514858  0.00288348  0.00062704 -0.0016207  -0.00385947 -0.00608912
 -0.00830955 -0.01052063 -0.01272215 -0.01491422 -0.01709664 -0.01926928
 -0.02143191 -0.02358454 -0.0257267  -0.02785863 -0.02998032 -0.0320916
 -0.03419239 -0.03628228 -0.03836135 -0.04042966 -0.04248704 -0.04453353
 -0.04656903 -0.04859334 -0.0506063  -0.05260801 -0.05459857 -0.0565779
 -0.05854576 -0.0605022  -0.06244703 -0.06438036 -0.06630228 -0.06821281
 -0.07011192 -0.07199932 -0.07387508 -0.07573931 -0.07759189 -0.07943312
 -0.08126288 -0.08308111 -0.08488785 -0.086683   -0.08846656 -0.09023874
 -0.09199965 -0.09374932 -0.09548766 -0.0972148  -0.09893079 -0.10063539
 -0.10232889 -0.10401148 -0.10568314 -0.10734389 -0.10899378 -0.11063287
 -0.11226116 -0.11387876 -0.1154859  -0.1170826  -0.11866893 -0.12024483
 -0.12181047 -0.12336596 -0.12491134 -0.12644667 -0.12797213 -0.12948769
 -0.13099345 -0.13248947 -0.13397592 -0.1354529  -0.13692038 -0.1383784
 -0.13982707 -0.14126663 -0.14269708 -0.14411837 -0.1455307  -0.14693414
 -0.14832853 -0.14971404 -0.15109086 -0.15245905 -0.15381848 -0.15516936
 -0.15651152 -0.15784521 -0.15917039 -0.16048716 -0.16179563 -0.1630958
 -0.16438745 -0.16567056 -0.16694536 -0.16821194 -0.16947025 -0.1707202
 -0.17196183 -0.17319494 -0.17441944 -0.17563563 -0.17684347 -0.17804282
 -0.1792336  -0.18041572 -0.18158911 -0.18275368 -0.18390936 -0.18505624
 -0.1858304  -0.18693952 -0.18803967 -0.18913127 -0.19021435 -0.19128854
 -0.19235363 -0.1934097  -0.19445661 -0.19549434 -0.19652258 -0.1968327
 -0.19783514 -0.19882765 -0.1983332  -0.19964985 -0.2006106  -0.2015607
 -0.20249987 -0.19854161 -0.19945513 -0.1997657  -0.20065414 -0.20153101
 -0.20183787 -0.20268839 -0.20352633 -0.20435141 -0.20516317 -0.20596156
 -0.20674617 -0.20751675 -0.20827293 -0.20901426 -0.20974033 -0.20803125
 -0.20873226 -0.208577   -0.20921936 -0.21159416 -0.21220625 -0.2073578
 -0.20794509 -0.20729846 -0.20995716 -0.21046124 -0.21094582 -0.21141056
 -0.21185527 -0.21213646 -0.21104521 -0.21136161 -0.21165592 -0.21192727
 -0.21217536 -0.21239964 -0.21259988 -0.21277548 -0.21292608 -0.2130508
 -0.21314936 -0.21322136 -0.21326649 -0.21328399 -0.21327336 -0.21323414]
[-55.50192189 -55.63221046 -55.75909972 -55.86699558 -55.95217685
 -56.03259859 -56.10262989 -56.15889113 -56.20614224 -56.23450258
 -56.24752064 -56.22818603 -56.19802625 -56.15155691 -56.10835178
 -56.0580713  -56.00727892 -55.94177038 -55.87272736 -55.78794515
 -55.6794444  -55.55445153 -55.42343302 -55.26548032 -55.09786227
 -54.92906841 -54.74847778 -54.57373292 -54.39922757 -54.22919918
 -54.05958912 -53.88642399 -53.70895375 -53.53973955 -53.35608261
 -53.167843   -52.97752012 -52.79852822 -52.61171434 -52.44240923
 -52.27887502 -52.13447307 -51.99243682 -51.84787491 -51.70100395
 -51.56417153 -51.43741637 -51.30223165 -51.15526397 -51.0249687
 -50.88974166 -50.7457146  -50.60966496 -50.50550357 -50.40047018
 -50.28957264 -50.18348066 -50.09242809 -50.01435565 -49.94780732
 -49.87273295 -49.79357703 -49.71351401 -49.6316452  -49.53976057
 -49.44924363 -49.3607026  -49.26318717 -49.1597834  -49.05375472
 -48.95606317 -48.86864304 -48.79317403 -48.72072935 -48.63656262
 -48.52475642 -48.38065782 -48.21919146 -48.05583324 -47.88969933
 -47.71276956 -47.52757044 -47.32467562 -47.11475623 -46.90332586
 -46.69322629 -46.47778928 -46.2427966  -45.98460686 -45.70792297
 -45.42453041 -45.14113786 -44.85427132 -44.55663171 -44.23350104
 -43.88571986 -43.53281623 -43.18146382 -42.82631264 -42.45132833
 -42.05493895 -41.65807317 -41.26120739 -40.85434256 -40.43813912
 -40.01906698 -39.59460562 -39.15824359 -38.71626193 -38.27541414
 -37.83772947 -37.3951174  -36.95996073 -36.51801197 -36.06914959
 -35.61962589 -34.79084496 -34.34478867 -33.88608456 -33.41964004
 -32.9550511  -32.49616879 -32.04078318 -31.56146553 -31.06322369
 -30.58335775 -30.12128307 -29.65262371 -29.20798642 -28.76601489
 -28.32001067 -27.84981682 -27.38375929 -26.04790419 -25.57691084
 -24.63872907 -24.22912408 -23.89969212 -23.55329197 -23.19778602
 -22.83336857 -22.47889986 -22.15725398 -21.82249671 -21.25558846
 -20.65919493 -20.42658945 -20.18564941 -19.96346415 -19.84615653
 -19.55481769 -19.34832088 -19.14234224 -18.94960987 -18.75635529
 -18.61385475 -18.08809713 -17.95351509 -17.81290074 -17.77018797
 -17.50174855 -17.33521774 -17.18851105 -17.02614509 -16.87204539
 -16.74059273 -16.62169318 -16.49279626 -16.37592684 -16.25864304
 -16.14020767 -16.0167944  -15.8921878  -15.75478404 -15.61460377
 -15.47002152 -15.02192971 -14.88167755 -14.54813857 -14.39900585
 -14.25074556 -14.10176086 -13.95263464 -13.79983513 -13.61790485
 -13.46205135 -13.30469493 -13.14905333 -12.99230173 -12.83315332
 -12.67514536 -12.51779083 -12.35736003 -12.19531514 -12.03276282
 -11.86912833 -11.71137954 -11.55062861 -11.38753309 -11.22572538]
[  1.99320925   1.53264963   1.06007873   0.59091465   0.11781809
  -0.36636992  -0.85953043  -1.35792342  -1.86852103  -2.38995264
  -2.91518848  -3.45169334  -3.97876759  -4.51172593  -5.02295894
  -5.52795698  -6.04106815  -6.56940629  -7.10524497  -7.67552198
  -8.24436324  -8.80992919  -9.36501277  -9.89505553 -10.41923464
 -10.94871411 -11.48302921 -12.01958319 -12.57486631 -13.12395569
 -13.6469179  -14.15101196 -14.64690238 -15.13338562 -15.6237612
 -16.11673888 -16.62648259 -17.12868904 -17.61984174 -18.10748888
 -18.58516056 -19.0456962  -19.50155717 -19.96046588 -20.40686135
 -20.84525377 -21.26839236 -21.67163607 -22.06792304 -22.45964341
 -22.8552447  -23.25249198 -23.64478026 -24.03519049 -24.42496341
 -24.80631933 -25.16978516 -25.52838179 -25.87903453 -26.22460963
 -26.55574848 -26.86909014 -27.1774372  -27.4818242  -27.78781883
 -28.08993794 -28.3910625  -28.68905337 -28.98644474 -29.28259618
 -29.5693003  -29.84626258 -30.12370008 -30.40112057 -30.67305597
 -30.93983389 -31.20536639 -31.47090013 -31.73467415 -32.001311
 -32.26652602 -32.52785937 -32.78590723 -33.0419447  -33.2981465
 -33.55772138 -33.81126433 -34.06602075 -34.31922342 -34.56933738
 -34.81190451 -35.05211183 -35.29522237 -35.54495706 -35.79971479
 -36.05980623 -36.32451695 -36.59188832 -36.86415566 -37.13935124
 -37.41821366 -37.69841434 -37.97553215 -37.9566682  -38.23462792
 -38.51770708 -38.80876182 -39.10450285 -38.94638706 -39.24041324
 -39.54054005 -39.83813882 -40.02584863 -40.33558508 -40.65369326
 -39.62782255 -38.98488113 -39.21794257 -39.51791934 -39.82006495
 -39.8414496  -39.38700254 -39.93060553 -39.69141266 -40.02405229
 -39.99900905 -40.35755628 -40.72022177 -40.96423319 -41.34031062
 -41.72018282 -42.1062226  -42.49984137 -42.89779344 -43.30024243
 -43.18816313 -43.58420354 -43.99098347 -44.40745507 -44.80204306
 -45.20130244 -45.60212815 -46.00617028 -46.40792274 -46.8115703
 -47.21006856 -47.59012488 -47.97336956 -48.35117328 -48.70902911
 -49.05063437 -49.37676491 -49.68974144 -49.99889829 -50.29234402
 -50.57529775 -50.86013769 -51.14408956 -51.41010549 -51.64225685
 -51.86900249 -52.08904709 -52.31934967 -52.5551108  -52.77699697
 -53.00576223 -53.23142126 -53.43009057 -53.60588239 -53.78359733
 -53.96697185 -54.15445933 -54.33374004 -54.5019519  -54.67280113
 -54.8357142  -54.98241836 -55.12770481 -55.26036714 -55.38453261]
[-56.85834396 -56.73876688 -56.61228891 -56.46246778 -56.31105181
 -56.15274565 -55.98245009 -55.79041699 -55.58224835 -55.35324698
 -55.12309948 -54.88728741 -54.64721139 -54.41054568 -54.15355761
 -53.88788605 -53.62472402 -53.34766449 -53.0708234  -52.79287891
 -52.51857452 -52.2610553  -52.00369946 -51.7494991  -51.49858226
 -51.25183326 -51.00568625 -50.75428871 -50.50783733 -50.26229496
 -50.0320544  -49.81187639 -49.61928202 -49.44198704 -49.26179668
 -49.07825707 -48.90025774 -48.73859831 -48.57497053 -48.41273907
 -48.24895456 -48.09209702 -47.94856252 -47.80607864 -47.66995526
 -47.5310067  -47.38912479 -47.25121036 -47.12012984 -47.00981639
 -46.91338721 -46.81757031 -46.72331031 -46.61939705 -46.52700108
 -46.44608521 -46.36891619 -46.29515571 -46.22099724 -46.1484292
 -46.0772712  -46.01435691 -45.95170846 -45.88893344 -45.82679577
 -45.76598484 -45.69471542 -45.62135886 -45.5414896  -45.45308163
 -45.36626725 -45.27400211 -45.17616665 -45.080665   -44.98795626
 -44.89708361 -44.7857809  -44.67185697 -44.56091997 -44.44833671
 -44.33454023 -44.20402882 -44.05599344 -43.89239268 -43.72280907
 -43.54891842 -43.35659044 -43.14515353 -42.9259114  -42.7024429
 -42.46655584 -42.22248097 -41.96502693 -41.70843355 -41.44548253
 -41.29668771 -41.02686263 -40.75531042 -40.47324223 -40.19030852
 -39.89293672 -39.589501   -39.27443015 -38.95589599 -38.63549833
 -38.3219112  -37.99982376 -37.66966827 -37.17179393 -36.82228799
 -36.46950679 -36.11366385 -35.76130556 -35.39241489 -35.02386864
 -34.64964685 -34.27328745 -33.90030519 -33.5370673  -33.17811156
 -32.81734522 -32.45924964 -32.11747396 -31.77384878 -31.43426928
 -31.09941655 -30.77850661 -30.46348902 -30.1512614  -29.83255256
 -29.511674   -29.19185124 -28.42102621 -28.03570103 -27.72784228
 -27.41929557 -27.11386523 -26.81129627 -26.64477328 -26.12148255
 -25.82456247 -25.5112157  -25.19317257 -24.87692215 -24.57068493
 -24.26957777 -23.62164026 -23.33645358 -23.07823363 -22.62521732
 -22.34580312 -22.19352586 -21.90306186 -21.48434497 -21.29764155
 -21.0009175  -20.70319801 -20.38481071 -20.0667945  -19.77791326
 -19.48948237 -19.20816234 -18.9759712  -18.74914401 -18.37709333
 -18.16908019 -17.96334762 -17.75430231 -17.54539803 -17.33737995
 -17.10503995 -16.89784438 -16.69553556 -16.56669377 -16.37323951
 -16.17995217 -15.85084541 -15.65904508 -15.47054486 -15.1763473
 -14.98977036 -14.89268238 -14.70598559 -14.52131642 -14.33772217
 -14.15528241 -13.97465548 -13.79607038 -13.61912017 -13.44540233
 -13.27472294 -13.10322046 -12.93021881 -12.75594525 -12.58440417
 -12.41741814 -12.25306205 -12.08535399 -11.92015841 -11.75512736]
[ -3.1308852   -3.34023113  -3.56169903  -3.78971117  -4.02087224
  -4.25428479  -4.49942035  -4.75073936  -5.01286373  -5.28381826
  -5.57042861  -5.87192432  -6.17669334  -6.48869628  -6.79933553
  -7.1035618   -7.41760692  -7.72780618  -8.04612706  -8.36800181
  -8.70478752  -9.05489089  -9.40185352  -9.75228643 -10.10983285
 -10.48531752 -10.8636628  -11.253812   -11.65187526 -12.05130477
 -12.45163372 -12.84070084 -13.22577251 -13.62380875 -14.0259053
 -14.42355587 -14.82831962 -15.25397877 -15.66900613 -16.08453701
 -16.51212343 -16.93890749 -17.36213689 -17.80500205 -18.24826046
 -18.67750473 -19.10772377 -19.53752209 -19.95786606 -20.38162548
 -20.79633305 -21.21426175 -21.63199279 -22.05118446 -22.462362
 -22.87947122 -23.29421191 -23.70910147 -24.12529094 -24.53866893
 -24.95408213 -25.36853561 -25.77279491 -26.1669715  -26.56165298
 -26.95334802 -27.3392603  -27.71641233 -28.08472085 -28.44882545
 -28.81292345 -29.17496777 -29.53228826 -29.89275456 -30.25407655
 -30.60716432 -30.96583324 -31.32416573 -31.68305612 -32.03945355
 -32.39024508 -32.73747022 -33.07943245 -33.41794547 -33.75020569
 -34.08024876 -34.41155837 -34.74116148 -35.06510822 -35.39247235
 -35.717768   -36.04250379 -36.36685525 -36.69032067 -37.01568319
 -37.34130414 -37.66472356 -37.99075313 -38.31762393 -37.99986446
 -38.31280351 -38.626398   -38.93886814 -39.25379415 -39.56867289
 -39.8852177  -40.20113032 -40.5165715  -40.83322006 -41.14541321
 -41.45814807 -41.7723158  -42.08666895 -42.39642803 -42.77388095
 -43.08884011 -43.00948657 -43.11926712 -43.28592841 -43.60101173
 -43.91902379 -44.2371812  -43.94400792 -44.25613321 -44.56561328
 -44.85364958 -45.17287855 -45.49347352 -45.81752765 -46.14240525
 -46.46168469 -46.77891976 -47.09888278 -47.42211174 -47.74708959
 -47.65751661 -47.98206171 -48.31134996 -48.63664486 -49.08177695
 -49.40353073 -49.61122454 -49.92492825 -50.23678414 -50.54941269
 -50.47664946 -50.43230996 -50.73695583 -51.04444258 -51.34656886
 -51.64004677 -51.93818222 -52.23424141 -52.53359055 -52.83243008
 -53.27062986 -53.55744319 -53.83571979 -54.09878384 -54.3596641
 -55.03687631 -55.26691515 -55.47822355 -55.68546055 -55.88976851
 -56.08929177 -56.27979458 -56.4652968  -56.60822034 -56.73304551
 -56.82692797 -56.91352466 -56.98930947 -57.04223859 -57.07810401
 -57.10549594 -57.11184774 -57.08573001 -57.03723593 -56.95734936]
[-57.4552417  -57.4207663  -57.38311305 -57.34225171 -57.29814162
 -57.25069319 -57.19985877 -57.1456153  -57.08790544 -57.02668727
 -56.96197887 -56.89371004 -56.8218275  -56.74632427 -56.66716296
 -56.58429129 -56.49762227 -56.40724404 -56.31308788 -56.21512783
 -56.11340925 -56.00776191 -55.89821511 -55.78481627 -55.66757739
 -55.54635695 -55.42120307 -55.29214615 -55.1591094  -55.02213235
 -54.88126658 -54.73643969 -54.58765045 -54.43490385 -54.27818125
 -54.11757441 -53.95303679 -53.78458403 -53.61225721 -53.43606305
 -53.25600687 -53.07207009 -52.88431337 -52.69277345 -52.49740316
 -52.29838449 -52.09567448 -51.88915821 -51.67907546 -51.46544268
 -51.24811273 -51.02729143 -50.80304385 -50.57531942 -50.34415981
 -50.10971002 -49.87196525 -49.63091212 -49.38669684 -49.13937028
 -48.88892139 -48.63541159 -48.37898374 -48.11962883 -47.85741383
 -47.5924769  -47.3247706  -47.05438169 -46.78144214 -46.50596885
 -46.22806498 -45.9478095  -45.66518996 -45.38032484 -45.09335004
 -44.80426415 -44.51315368 -44.22012098 -43.92522751 -43.62852602
 -43.33010808 -43.03009133 -42.72850298 -42.42540146 -42.1209468
 -41.81517794 -41.50810405 -41.1998969  -40.89061529 -40.58028226
 -40.18173949 -39.86991804 -39.55731066 -39.24402058 -38.9301105
 -38.6156687  -38.30075161 -37.81276323 -37.49805109 -37.18312013
 -36.86808313 -36.55300616 -36.2379056  -35.92291216 -35.60808965
 -35.29345199 -34.70254933 -34.38707834 -34.07203864 -33.75751089
 -33.44357014 -33.36902178 -33.05559499 -32.7428443  -32.43082436
 -32.15586378 -31.8453628  -31.60877468 -31.42033193 -31.2650242
 -30.96026217 -30.77851986 -30.597132   -30.29599908 -29.99603643
 -29.6901181  -29.39269678 -29.09656321 -28.94184244 -28.64784177
 -28.11934127 -27.82756667 -27.53718043 -27.24819815 -26.81754879
 -26.5315617  -26.24703551 -25.96401617 -25.6825341  -25.40260882
 -25.1242248  -24.86881312 -24.59317947 -24.31913542 -24.04675626
 -23.77603334 -23.46754654 -23.20080049 -22.93573713 -22.67235721
 -22.27281351 -22.01382771 -21.75648564 -21.50077689 -21.24672088
 -20.99426725 -20.74344944 -20.49431795 -20.24679755 -20.00087822
 -19.75661598 -19.51395657 -19.27291004 -19.03346916 -18.79561088
 -18.55933531 -18.3246375  -18.09154076 -17.86000636 -17.62999912
 -17.40153913 -17.17461308 -16.94921293 -16.725348   -16.50299108
 -16.28210344 -16.06270599 -15.8447912  -15.62833986 -15.41335643
 -15.19980062 -14.98766335 -14.77696392 -14.56767045 -14.35977387
 -14.15328021 -13.94815288 -13.74440926 -13.54202476 -13.33816193
 -13.13864223 -12.94045797 -12.74363736 -12.54815371 -12.35398034
 -12.16112468 -11.96958943 -11.77933916 -11.59038566 -11.40272849]
[  1.96265374   1.38904576   0.81704062   0.24673409  -0.32173918
  -0.8883787   -1.45305335  -2.01570374  -2.57631357  -3.13475327
  -3.69089398  -4.24470412  -4.79614071  -5.34506684  -5.89141972
  -6.43520007  -6.97626144  -7.51449041  -8.04992994  -8.58245808
  -9.11192205  -9.63837053 -10.16176382 -10.68188984 -11.19877529
 -11.71242368 -12.22272271 -12.72949688 -13.23287609 -13.73278062
 -14.22897401 -14.72159746 -15.2106462  -15.69595009 -16.17753814
 -16.65534883 -17.12932532 -17.59942128 -18.06572147 -18.52817957
 -18.98669143 -19.44129266 -19.8920499  -20.33881308 -20.78155379
 -21.22038013 -21.65526248 -22.08619466 -22.51318611 -22.93624756
 -23.35537189 -23.77050593 -24.18174208 -24.58915899 -24.99267855
 -25.39235793 -25.78815933 -26.18020273 -26.56847258 -26.9530962
 -27.3340639  -27.71125911 -28.08485632 -28.45493325 -28.8214712
 -29.18449499 -29.54412601 -29.9004184  -30.25331247 -30.60292526
 -30.9493618  -31.29255951 -31.63260649 -31.969642   -32.30368928
 -32.63476701 -32.96291563 -33.2882405  -33.61076079 -33.93056476
 -34.24772166 -34.56223231 -34.87417702 -35.18361389 -35.490595
 -35.79519184 -36.09742743 -36.39736061 -36.69507824 -36.99053334
 -37.28382384 -37.57501896 -37.864155   -38.15126471 -38.43635199
 -38.71951483 -39.00074246 -39.27997867 -39.55739339 -39.83298208
 -40.10671055 -40.37862294 -40.64874772 -40.9170739  -41.18359853
 -41.44839196 -41.71137054 -41.97254062 -42.23193427 -42.48956587
 -42.74536611 -42.99929661 -43.25142046 -43.50165783 -43.74995165
 -44.29243448 -44.53608013 -44.7777642  -45.0174151  -45.25506009
 -44.97359439 -45.21056214 -45.5307409  -45.76355887 -46.28452382
 -45.48992414 -45.80248058 -46.03066356 -46.25649848 -46.46563027
 -46.61765065 -46.88864159 -47.10688803 -47.42435507 -47.63565458
 -47.84382852 -48.04874521 -48.25022688 -48.44824444 -48.6900528
 -48.08561978 -48.26970189 -48.44957355 -48.62507861 -48.79613718
 -48.96256858 -49.12419373 -49.28086877 -49.43236481 -49.5785393
 -49.71919146 -49.85409509 -49.98317016 -50.10617035 -50.22299438
 -50.33334504 -50.43695982 -50.53381257 -50.62368775 -50.70630285
 -50.78146716 -50.84903414 -50.90874897 -50.9605125  -51.00403653
 -51.03911958 -51.06560092 -51.08331435 -51.09190602 -51.09120839
 -51.08114833 -51.06150103 -51.03190247 -50.99227461 -50.94243898
 -50.88216562 -50.81126894 -50.72957879 -50.63692433 -50.53310036]
[-52.50490811 -52.49776762 -52.48845726 -52.47694039 -52.4631848
 -52.44712632 -52.42871813 -52.40794897 -52.38479573 -52.35924372
 -52.33125868 -52.3007869  -52.26775651 -52.23216725 -52.19401924
 -52.15327179 -52.10990102 -52.06388285 -52.01516812 -51.9636669
 -51.90939083 -51.8523763  -51.79260037 -51.72999139 -51.66452025
 -51.59619207 -51.52493895 -51.45078049 -51.37366943 -51.29358283
 -51.2105412  -51.12450893 -51.03546121 -50.94335073 -50.84822076
 -50.75002071 -50.648759   -50.54444296 -50.43702464 -50.32648621
 -50.2128276  -50.09606111 -49.97617167 -49.8531514  -49.72700356
 -49.59774052 -49.46531925 -49.32974303 -49.19103655 -49.04922955
 -48.90430169 -48.75622479 -48.60503341 -48.45073858 -48.29330755
 -48.13280517 -47.96926794 -47.80268093 -47.63300097 -47.46025348
 -47.28450656 -47.10577794 -46.92408361 -46.73941101 -46.65908619
 -46.4690003  -46.27595942 -46.07998948 -45.88112371 -45.6794096
 -45.47484763 -45.26750464 -45.05738611 -44.84454945 -44.62900533
 -44.32013256 -44.09800945 -43.87328884 -43.64600302 -43.41621143
 -43.18397176 -42.9493023  -42.71219501 -42.47275152 -42.23102423
 -41.98703268 -41.74083376 -41.4924789  -41.24202367 -40.98948497
 -40.73489129 -40.47833345 -40.21984151 -39.959495   -39.69733148
 -39.43339504 -39.35753133 -39.08996677 -38.82074029 -38.5499389
 -38.27762006 -38.00527711 -37.72769933 -37.44873412 -37.1684578
 -37.0140648  -36.73061297 -36.44598346 -35.94230573 -35.65295438
 -35.36263842 -35.07142407 -34.77936374 -34.33414424 -34.03922666
 -33.74550145 -33.60380767 -33.30799752 -33.01172765 -32.71505425
 -32.41802172 -32.1421451  -31.84545047 -31.46555457 -31.16889254
 -30.87213352 -30.57532948 -30.27852845 -29.98178736 -29.6851452
 -29.38866039 -29.09238578 -28.79130166 -28.49532639 -28.19968076
 -27.90440479 -27.60954223 -27.31979346 -26.96066763 -26.66396699
 -26.38909068 -26.09319021 -25.62609301 -25.33271737 -25.04014918
 -24.74840698 -24.4575392  -24.19260136 -23.90417519 -23.58883719
 -23.30136221 -23.01495139 -22.72963362 -22.44543073 -22.16236549
 -21.88047649 -21.59978695 -21.32033596 -21.04213947 -20.76522088
 -20.48960537 -20.21533391 -19.94240115 -19.67082511 -19.40064461
 -19.13190483 -18.86457843 -18.59869522 -18.33426118 -18.07131211
 -17.8586395  -17.59721831 -17.33732352 -17.0789708  -16.82215989
 -16.56690454 -16.31321302 -16.06111494 -15.81062288 -15.56172591
 -15.31442787 -15.06874076 -14.82467076 -14.58223361 -14.34144225
 -14.10230353 -13.86479599 -13.62893079 -13.39469928 -13.16212555
 -12.93122068 -12.7019814  -12.47439318 -12.24846698 -12.02418888
 -11.80158173 -11.58063947 -11.36136878 -11.14374472 -10.92778062]
[  2.66943303   2.09123821   1.51525044   0.94148556   0.37001185
  -0.19913546  -0.76593021  -1.3303372   -1.89230467  -2.45185736
  -3.00895007  -3.56354516  -4.11558499  -4.66507027  -5.21188599
  -5.75608757  -6.29767846  -6.8366088   -7.37286258  -7.90633478
  -8.43704441  -8.96500858  -9.49018173 -10.01257429 -10.53216412
 -11.04889596 -11.56272974 -12.0736931  -12.58180733 -13.08705767
 -13.58938162 -14.0887861  -14.58523084 -15.07873772 -15.56933332
 -16.05702256 -16.541793   -17.02357787 -17.50239091 -17.97825812
 -18.45115447 -18.92115161 -19.38822351 -19.85234966 -20.31354285
 -20.77177954 -21.22705663 -21.67942914 -22.1289243  -22.57555092
 -23.0192841  -23.46015944 -23.89818709 -24.33331068 -24.76559782
 -25.19510115 -25.62181359 -26.0457431  -26.46689825 -26.88529637
 -27.30093842 -27.71385181 -28.12409558 -28.53167446 -28.93660724
 -29.33887524 -29.73852674 -30.13558448 -30.53006244 -30.92197585
 -31.31137009 -31.6982365  -32.08260145 -32.46447973 -32.84391562
 -33.22093385 -33.5955275  -33.96770629 -34.33749839 -34.70496504
 -35.07010545 -35.43290866 -35.79342497 -36.15167242 -36.50760777
 -36.8612766  -37.21272815 -37.56197655 -37.90898965 -38.25381824
 -38.5964243  -38.93686387 -39.27513543 -39.61125864 -39.94526095
 -40.27714785 -40.60685689 -40.93438886 -41.25979736 -41.58310813
 -41.90430783 -42.22337534 -42.54031594 -42.8550854  -43.16765478
 -43.47810221 -43.78641945 -44.09256886 -44.39653092 -44.6982826
 -44.99780751 -45.29507795 -45.59007981 -45.88283769 -46.08045025
 -46.36356741 -46.64439593 -46.92304204 -47.19951245 -47.47371367
 -47.74558984 -48.01516689 -48.2824052  -48.54729928 -48.80976984
 -48.88893112 -49.14481778 -49.3981689  -49.27195565 -49.6080471
 -49.8532898  -50.09581703 -50.33555232 -49.32515296 -49.55834166
 -49.63761919 -49.8644038  -50.08823783 -50.1665682  -50.38367447
 -50.59756838 -50.80818043 -51.01539274 -51.21919285 -51.41947567
 -51.61617657 -51.80919977 -51.99843503 -52.18377325 -51.74750864
 -51.92645205 -51.88681855 -52.05078835 -52.65698705 -52.81323268
 -51.5756013  -51.72551456 -51.56045421 -52.23912383 -52.3677944
 -52.49149172 -52.61012322 -52.72363981 -52.79541757 -52.51686116
 -52.59762624 -52.67275444 -52.74201863 -52.80534767 -52.86259743
 -52.91371217 -52.95853597 -52.99697788 -53.02881524 -53.05397387
 -53.07235174 -53.08387288 -53.08833941 -53.085626   -53.07561525]
[0.41337468 0.41221099 0.41194735 0.41077612 0.40959415 0.40840161
 0.40719913 0.40598728 0.40476605 0.40353603 0.40229781 0.40105158
 0.39979773 0.39853682 0.39726898 0.39599448 0.39471405 0.393428
 0.39213651 0.39084009 0.38953911 0.38823379 0.38692449 0.38561158
 0.38429546 0.38297641 0.38165472 0.38033089 0.37900511 0.37767762
 0.3763488  0.37501888 0.37368821 0.37235713 0.37102593 0.36969482
 0.36836404 0.36703389 0.36570464 0.36437657 0.36304988 0.36627499
 0.36494422 0.36361563 0.36228952 0.36096592 0.35964502 0.35832712
 0.35701236 0.35570086 0.35439281 0.3530884  0.35178761 0.35049068
 0.34919787 0.34790916 0.34662462 0.34534444 0.34406871 0.34279744
 0.34153076 0.34026878 0.33901145 0.33775895 0.33651137 0.3352685
 0.33403045 0.33279737 0.33156918 0.33034591 0.32912751 0.32791389
 0.32670505 0.32550119 0.32430209 0.32310757 0.3219178  0.3207325
 0.3195516  0.31837532 0.31720336 0.31603547 0.31487164 0.31371194
 0.31255604 0.31140376 0.31025528 0.30911009 0.307968   0.30682926
 0.30569354 0.30456044 0.30343    0.30230205 0.30117625 0.30005254
 0.29893074 0.2978106  0.29669186 0.29557442 0.29445806 0.29334249
 0.29222758 0.29111306 0.28999881 0.28888453 0.28777    0.28665508
 0.28553956 0.28442308 0.28330556 0.28218688 0.2810667  0.27994481
 0.27882114 0.27769537 0.27656736 0.27543695 0.27430393 0.27316814
 0.27202944 0.27088757 0.26974253 0.26859418 0.2674423  0.26628674
 0.26512749 0.26396441 0.2627973  0.2616263  0.2604512  0.2592718
 0.25808842 0.25690086 0.25570885 0.25451261 0.25331226 0.25210757
 0.25089854 0.24968554 0.2484685  0.24724717 0.24602206 0.24479326
 0.24356036 0.24232407 0.24108442 0.23984125 0.23859502 0.23734603
 0.23609429 0.2348399  0.23358331 0.23232488 0.23106446 0.22980259
 0.22853966 0.22727565 0.22601114 0.2247466  0.22348213 0.22221801
 0.22095489 0.21969291 0.21843238 0.21717398 0.21591819 0.2146653
 0.21341571 0.21216993 0.21092826 0.20969121 0.20845943 0.20723338
 0.2060134  0.20480021 0.20359414 0.20239545 0.20120498 0.20002339
 0.19885094 0.1976881  0.19653561 0.19539386 0.19426319 0.19314448
 0.1920382  0.19094454 0.18986431 0.18879819 0.18774631 0.1867091
 0.18568766 0.1846821  0.18369266 0.18272002 0.18176525 0.18082798
 0.1799088  0.17900905 0.17812832 0.17726679 0.17642552 0.1756046
 0.1748046  0.17402609 0.17326945 0.17253445 0.17182165 0.17113174
 0.17046474 0.16982062 0.16920037 0.1686043  0.16803222 0.16748449
 0.16696118 0.16646256 0.16598895 0.16554051 0.16511761 0.16472025
 0.16434815 0.16400168 0.16368101 0.16338681 0.16311815 0.16287539
 0.16265839 0.1624671  0.16230241 0.16216374 0.16205075 0.1619636
 0.16190246 0.16186691 0.16185665 0.16187223 0.16191336 0.16197943
 0.16207095 0.16218774 0.16232894 0.16249454 0.16268476 0.16289942
 0.16313807 0.16340082 0.16368707]
[0.25738348 0.26069062 0.2639846  0.26726411 0.27052802 0.2737756
 0.27700559 0.28021721 0.28340947 0.28658154 0.28973233 0.29286107
 0.29596692 0.29904908 0.30210653 0.30513894 0.30814512 0.31112471
 0.31407735 0.31700137 0.31989635 0.32276223 0.32559786 0.32840284
 0.33117719 0.33392009 0.33663041 0.33930774 0.34195212 0.34456256
 0.34713914 0.34968146 0.35218864 0.3546602  0.35709659 0.35949679
 0.36186027 0.36418746 0.36647773 0.36873043 0.37094591 0.37312385
 0.3752635  0.37736548 0.37942904 0.38145369 0.38344041 0.38538784
 0.3872959  0.38916536 0.39099601 0.39278727 0.39453878 0.39625135
 0.39792447 0.3995575  0.40115173 0.4027064  0.40422097 0.40569685
 0.40713296 0.40852944 0.40988688 0.41120534 0.412484   0.41372386
 0.4149246  0.41608627 0.41720892 0.41829292 0.41933878 0.42034614
 0.42131527 0.4222456  0.42313783 0.42399292 0.42481012 0.42558974
 0.42633225 0.42703759 0.42770561 0.42833754 0.42893353 0.42949235
 0.43001547 0.4305031  0.43095479 0.43137152 0.43084136 0.43117431
 0.43147288 0.43173802 0.43196932 0.4321662  0.43232963 0.43246079
 0.43255945 0.43262578 0.43615708 0.43615636 0.43612407 0.43606112
 0.43596814 0.43584505 0.4356919  0.4370043  0.43678799 0.43654247
 0.43626833 0.43346866 0.43314235 0.43278875 0.43240827 0.4322827
 0.4318526  0.43139674 0.43094525 0.43043355 0.43011545 0.43300316
 0.43369654 0.43101167 0.43275762 0.43209387 0.43140519 0.43069212
 0.42995477 0.43161787 0.43084371 0.43004611 0.42922614 0.42838432
 0.43302766 0.43214583 0.43105151 0.43014006 0.42920869 0.42825822
 0.42728873 0.42630011 0.42529352 0.42426958 0.42322809 0.42216986
 0.42109536 0.42000446 0.41889814 0.41777699 0.41664102 0.41549078]
[0.40766223 0.40685558 0.40602256 0.4051633  0.40427819 0.40336703
 0.40243101 0.40147024 0.40048524 0.39947667 0.39844477 0.39738972
 0.39631202 0.39521217 0.39409071 0.39294831 0.39178521 0.39060169
 0.38939853 0.38817619 0.38693492 0.3876762  0.38641147 0.3851292
 0.38382996 0.38251424 0.38118257 0.37983524 0.37847245 0.37709481
 0.37570303 0.37429758 0.37287892 0.37144756 0.37000392 0.36854836
 0.36708113 0.365603   0.36411452 0.36261613 0.36110817 0.35959111
 0.35806521 0.35653107 0.35498906 0.35343976 0.35188356 0.35032084
 0.34875201 0.34717743 0.34559763 0.34401286 0.34242346 0.34082996
 0.33923274 0.33763216 0.33602843 0.33442207 0.33281343 0.33120276
 0.32959033 0.32797654 0.32636179 0.32474634 0.32313041 0.32151429
 0.31989829 0.31828265 0.31666771 0.3150537  0.31344086 0.31182941
 0.31021961 0.3086116  0.30700564 0.30540198 0.30380073 0.3022021
 0.30060624 0.29901337 0.29742362 0.29583718 0.2942542  0.2926748
 0.2910991  0.28952722 0.28795921 0.28639516 0.28483528 0.28327955
 0.28172811 0.28018105 0.27863849 0.27710037 0.2755668  0.27403779
 0.27251344 0.27099377 0.26947881 0.26796852 0.26646294 0.26496213
 0.26346611 0.26197491 0.26048848 0.25900678 0.25752982 0.25605764
 0.25459019 0.25312753 0.25166952 0.25021617 0.24876745 0.24732336
 0.24588389 0.24444902 0.24301869 0.24159282 0.24017136 0.23875432
 0.23734166 0.2359334  0.23452947 0.23312982 0.23173439 0.23034315
 0.22895604 0.22757308 0.22619424 0.22481947 0.22344869 0.22208192
 0.22071909 0.21936028 0.21800543 0.2166545  0.21530744 0.21396427
 0.21262493 0.21128947 0.2099579  0.20863018 0.20730629 0.20598633
 0.20467023 0.20335802 0.20204973 0.2007454  0.19944503 0.19814868
 0.19685635 0.19556806 0.19428397 0.19300411 0.19172849 0.19045715
 0.18919014 0.18792757 0.18666955 0.18541607 0.18416748 0.18292364
 0.18168465 0.18045063 0.17922176 0.17799813 0.17677987 0.17556711
 0.17435997 0.17315853 0.17196298 0.17077346 0.1695901  0.16841317
 0.16724282 0.16607915 0.16492241 0.16377277 0.16263026 0.1614951
 0.16036755 0.15924789 0.15813622 0.15703296 0.15593813 0.15485186
 0.15377442 0.15270602 0.15164714 0.1505979  0.14955841 0.14852898
 0.14750974 0.14650096 0.14550301 0.14451624 0.14354079 0.14257678
 0.14162446 0.14068427 0.13975643 0.13884128 0.13793899 0.13704972
 0.13617369 0.13531119 0.1344628  0.13362867 0.13280891 0.13200391
 0.13121371 0.13043867 0.12967918 0.12893544 0.12820791 0.1274968
 0.12680215 0.12612416 0.12546315 0.12481959 0.12419343 0.12358496
 0.12299493 0.12242327 0.12186991 0.12133528 0.12081969 0.12032338
 0.11984653 0.11938951 0.11895253 0.11853554 0.11813896 0.11776271
 0.11740738 0.11707296 0.11675969 0.11646786 0.11619775 0.11594912
 0.11572241 0.11551792 0.11533564 0.11517571 0.11503817 0.11492365
 0.11483224 0.11476382 0.11471818]
[0.14816531 0.151743   0.15533732 0.15894656 0.16256865 0.16620184
 0.16984458 0.17349527 0.17715245 0.18081455 0.1844797  0.18814632
 0.19181281 0.19547801 0.19914041 0.20279872 0.20645132 0.21009686
 0.21373403 0.21736154 0.22097833 0.22458297 0.22817447 0.23175151
 0.23531312 0.23885805 0.24238516 0.24589389 0.24938296 0.25285146
 0.25629839 0.25972285 0.26312404 0.26650125 0.26985349 0.27318002
 0.27648024 0.27975369 0.28299936 0.2862163  0.28940395 0.29256182
 0.29568971 0.29878694 0.30185302 0.30488754 0.30788976 0.31085891
 0.31379479 0.31669736 0.31956617 0.32240105 0.32520125 0.32796655
 0.33069621 0.33339034 0.33604864 0.33867095 0.3412572  0.34380713
 0.34631973 0.34879531 0.35084837 0.35323806 0.35559047 0.35790532
 0.36018236 0.36242155 0.36462285 0.36678568 0.36891022 0.37099699
 0.37304552 0.37505571 0.3770271  0.37896005 0.38085479 0.38271124
 0.3845292  0.38630802 0.38804801 0.38974937 0.39141227 0.39303672
 0.39462243 0.39616903 0.39767689 0.39917245 0.40059792 0.40198443
 0.40333216 0.40464085 0.40591006 0.40805179 0.40925245 0.41041398
 0.41153661 0.41262023 0.41366442 0.41450057 0.41546423 0.41638889
 0.42015581 0.42101976 0.42184483 0.42263129 0.4233791  0.42408863
 0.42475974 0.42532172 0.42590905 0.42645833 0.4269698  0.42744371
 0.42787989 0.42827833 0.42863922 0.42777848 0.42805629 0.42829739
 0.428502   0.42499659 0.42135059 0.42142764 0.42146849 0.42147387
 0.42323041 0.42317478 0.42308441 0.42295939 0.42652834 0.42634096
 0.42611927 0.42586395 0.42235462 0.42202056 0.42165323 0.4188288
 0.41839655 0.41680489 0.41534698 0.41482637 0.41472283 0.41414081
 0.4137791  0.41128078 0.41061368 0.40991784 0.40919382 0.40844177]
[ 5.85227971e+01  5.80009133e+01  5.78683545e+01  5.85490229e+01
  5.80247444e+01  5.74972881e+01  5.63932262e+01  5.58555543e+01
  5.53069795e+01  5.47547654e+01  5.42004241e+01  5.36439537e+01
  5.47350007e+01  5.41490600e+01  5.35568492e+01  5.29651780e+01
  5.23761328e+01  5.17908917e+01  5.12302614e+01  5.19865145e+01
  5.14291956e+01  5.08728427e+01  5.03169822e+01  5.05958109e+01
  4.99928730e+01  4.93901968e+01  4.87848265e+01  4.81786729e+01
  4.75859551e+01  4.70022463e+01  4.64229105e+01  4.58470851e+01
  4.52729637e+01  4.52627500e+01  4.46916038e+01  4.41299128e+01
  4.35693961e+01  4.37034057e+01  4.31462381e+01  4.25975761e+01
  4.20469116e+01  4.14984097e+01  4.09601267e+01  4.04243782e+01
  3.98896496e+01  3.93622630e+01  3.88314107e+01  3.83020644e+01
  3.77744596e+01  3.72487499e+01  3.67274580e+01  3.62082961e+01
  3.56988354e+01  3.51976984e+01  3.46994057e+01  3.42026271e+01
  3.37081833e+01  3.32155172e+01  3.27273975e+01  3.22437695e+01
  3.17615787e+01  3.12817585e+01  3.08062723e+01  3.03360743e+01
  2.98703053e+01  2.94109725e+01  2.89541263e+01  2.85008550e+01
  2.80521193e+01  2.76081760e+01  2.71698115e+01  2.67374145e+01
  2.63065475e+01  2.58789243e+01  2.54546016e+01  2.50331622e+01
  2.52083382e+01  2.47866701e+01  2.48819234e+01  2.44652021e+01
  2.40506455e+01  2.36402867e+01  2.32327332e+01  2.28271663e+01
  2.24251409e+01  2.20270499e+01  2.16318459e+01  2.12376165e+01
  2.08478027e+01  2.04613599e+01  2.00767116e+01  1.96964975e+01
  1.93225119e+01  1.89497053e+01  1.85786060e+01  1.82112356e+01
  1.78467294e+01  1.74803524e+01  1.71143427e+01  1.67507218e+01
  1.63890243e+01  1.60295399e+01  1.56717582e+01  1.53154284e+01
  1.49616202e+01  1.46102008e+01  1.42610249e+01  1.39134772e+01
  1.35674098e+01  1.32225604e+01  1.28811161e+01  1.25423230e+01
  1.22035252e+01  1.18650952e+01  1.15275669e+01  1.11910050e+01
  1.08545482e+01  1.05193736e+01  1.01838781e+01  9.84656678e+00
  9.50917597e+00  9.17241856e+00  8.83491294e+00  8.49827838e+00
  8.16095455e+00  7.82459086e+00  7.48909694e+00  7.15287671e+00
  6.82151166e+00  6.49352847e+00  6.16493514e+00  5.83804973e+00
  5.51228610e+00  5.18476663e+00  4.85694417e+00  4.52920505e+00
  4.20209626e+00  3.87458155e+00  3.54743014e+00  3.22146605e+00
  2.89582110e+00  2.57003872e+00  2.24458532e+00  1.91969045e+00
  1.59600381e+00  1.27542188e+00  9.57026069e-01  6.39409845e-01
  3.24099080e-01  9.69432313e-03 -3.04199318e-01 -6.16692677e-01
 -9.26432295e-01 -1.23418985e+00 -1.54108459e+00 -1.84970520e+00
 -2.16069716e+00 -2.46957737e+00 -2.77700957e+00 -3.08379031e+00
 -3.38894092e+00 -3.69470101e+00 -3.99997494e+00 -4.30047342e+00
 -4.59880845e+00 -4.89458532e+00 -5.18991989e+00 -5.48718121e+00
 -5.78181950e+00 -6.07353280e+00 -6.36236185e+00 -6.64733015e+00
 -6.93112322e+00 -7.21454559e+00 -7.49925266e+00 -7.78424864e+00
 -8.06920966e+00 -8.35490199e+00 -8.63773006e+00 -8.91996128e+00
 -9.20045838e+00 -9.48071398e+00 -9.76032281e+00 -1.00385398e+01
 -1.03161405e+01 -1.05875888e+01 -1.08567879e+01 -1.11251831e+01
 -1.13929858e+01 -1.16586058e+01 -1.19227973e+01 -1.21835924e+01
 -1.24397474e+01 -1.26935755e+01 -1.29466899e+01 -1.31991640e+01
 -1.34522700e+01 -1.37087457e+01 -1.39646793e+01 -1.42172374e+01
 -1.44672305e+01 -1.47132789e+01 -1.49562208e+01 -1.51970201e+01
 -1.54379677e+01 -1.56771576e+01 -1.59133802e+01 -1.61443938e+01
 -1.63733823e+01 -1.65972683e+01 -1.68142471e+01 -1.70275155e+01
 -1.72368441e+01 -1.74422786e+01 -1.76433237e+01 -1.78437355e+01
 -1.80374355e+01 -1.82270385e+01 -1.84166022e+01 -1.86044110e+01
 -1.87838902e+01 -1.89547742e+01 -1.91213497e+01 -1.92832301e+01
 -1.94408500e+01 -1.95925444e+01 -1.97344776e+01 -1.98655149e+01
 -1.99887961e+01 -2.01041011e+01 -2.02132409e+01 -2.03170067e+01
 -2.04134032e+01 -2.05071418e+01 -2.05952310e+01 -2.06757484e+01
 -2.07526284e+01 -2.08148077e+01 -2.08697627e+01 -2.09157682e+01
 -2.09547530e+01 -2.09934231e+01 -2.10203701e+01 -2.10390248e+01
 -2.10480630e+01 -2.10472391e+01 -2.10356638e+01 -2.10197204e+01
 -2.09914092e+01]
[-2.53165211 -1.54921618 -0.56755478  0.41482207  1.39996101  2.38804994
  3.38361009  4.3915453   5.40103094  6.40917751  7.42006389  8.42549919
  9.41800002 10.41392623 11.41512153 12.41502621 13.41473293 14.41692288
 15.40825447 16.39227651 17.3722152  18.34533092 19.30232681 20.25499786
 21.20859712 22.15612837 23.08868335 24.01179523 24.93380182 25.85560141
 26.77541674 27.67473728 28.5335006  29.38526606 30.22367559 31.05414054
 31.87961835 32.71338267 33.54610917 34.39117656 35.2287294  36.06629035
 36.88678731 37.69329967 38.48117336 39.25621647 40.02789941 40.79631935
 41.55975956 42.32066283 43.08089966 43.83724127 44.5921075  45.33565068
 46.07759434 46.80428755 47.51137338 48.20367043 48.88561563 49.56585273
 50.24193649 50.91439271 51.5663486  52.21177421 52.86259615 53.49385213
 54.11829489 54.74267086 55.35475479 55.93568513 56.5160477  57.09118202
 57.65884935 58.21856373 58.75481062 59.2774979  59.78887849 60.27122915
 60.74233602 61.21141051 61.66089237 62.10565418 62.54040247 62.96819553
 63.37111893 63.75516434 64.10987257 64.45420848 64.78970627 65.12832841
 65.45871853 65.77780926 66.0713601  66.33837518 66.56777172 66.7873791
 66.99908229 67.19078757 67.36864201 67.54355671 67.70363116 67.84904177
 67.98146025 68.07546822 68.14921131 68.20907135 68.26169777 68.29783119
 68.31394609 68.3118216  68.29502292 68.26821575 68.23160065 68.17253491
 68.09091739 67.99916553 67.88072179 67.73668689 67.57558615 67.39301065
 67.19023931 66.97222474 66.75480717 66.53367305 66.29787806 66.04654386
 66.3104758  66.0202489  65.7090003  65.37976285 65.03753433 64.68911445
 64.33723935 63.98043165 64.01342103 63.64129309 63.25876312 62.85419493
 62.43234926 62.00337088 61.56462362 61.11339762 60.90610654 60.44620714
 60.34365522 59.87260355 59.75211761 59.19998397 58.69947119 58.36577497]
[ 5.08223170e+01  5.04820476e+01  5.01336682e+01  5.01383641e+01
  4.97755494e+01  4.94019003e+01  4.90150239e+01  4.92014687e+01
  4.88117318e+01  4.84143246e+01  4.80094708e+01  4.75976581e+01
  4.65609714e+01  4.61293103e+01  4.51885417e+01  4.47528636e+01
  4.41458857e+01  4.37022176e+01  4.32517406e+01  4.27999965e+01
  4.24239187e+01  4.20683434e+01  4.18051369e+01  4.13466509e+01
  4.08822651e+01  4.04142290e+01  3.99435200e+01  3.94797597e+01
  3.93620379e+01  3.89011879e+01  3.84397779e+01  3.79711042e+01
  3.74957447e+01  3.70037969e+01  3.65071660e+01  3.60088587e+01
  3.55101098e+01  3.50088113e+01  3.45078913e+01  3.40124467e+01
  3.35173934e+01  3.30176188e+01  3.25185452e+01  3.20203265e+01
  3.15210249e+01  3.10187188e+01  3.05178584e+01  3.00160302e+01
  2.95162642e+01  2.90168353e+01  2.85169986e+01  2.80182891e+01
  2.75209034e+01  2.70234433e+01  2.65273898e+01  2.60334642e+01
  2.55427021e+01  2.50535511e+01  2.45667983e+01  2.46463593e+01
  2.41585451e+01  2.36720581e+01  2.31871655e+01  2.27039921e+01
  2.22322061e+01  2.17692973e+01  2.13101184e+01  2.08530059e+01
  2.03965827e+01  1.99331335e+01  1.94738355e+01  1.90206084e+01
  1.85691313e+01  1.81220925e+01  1.76775993e+01  1.72369824e+01
  1.67980690e+01  1.63595402e+01  1.59266807e+01  1.54994761e+01
  1.50759037e+01  1.46566640e+01  1.42400868e+01  1.38251289e+01
  1.34150732e+01  1.30109634e+01  1.26125263e+01  1.22174164e+01
  1.18261258e+01  1.14364700e+01  1.10491193e+01  1.06645130e+01
  1.02844672e+01  9.91027896e+00  9.53887654e+00  9.16964124e+00
  8.80319415e+00  8.43833146e+00  8.08112983e+00  7.73009096e+00
  7.38312841e+00  7.03942134e+00  6.69831483e+00  6.35848941e+00
  6.02265231e+00  5.69004714e+00  5.36106789e+00  5.03691430e+00
  4.71621824e+00  4.39801278e+00  4.08378181e+00  3.77295341e+00
  3.46516607e+00  3.16176405e+00  2.86040957e+00  2.56160222e+00
  2.26493619e+00  1.97108900e+00  1.68058461e+00  1.39316692e+00
  1.10951611e+00  8.28353562e-01  5.49203583e-01  2.72669939e-01
 -1.62545506e-03 -2.72510429e-01 -5.41352121e-01 -8.09464633e-01
 -1.07510359e+00 -1.33889470e+00 -1.60001818e+00 -1.85925856e+00
 -2.11698302e+00 -2.37205271e+00 -2.62586163e+00 -2.87915173e+00
 -3.13113869e+00 -3.38213451e+00 -3.63171008e+00 -3.88036034e+00
 -4.12706575e+00 -4.37124382e+00 -4.61429621e+00 -4.85661336e+00
 -5.09719288e+00 -5.33714966e+00 -5.57680579e+00 -5.81501626e+00
 -6.05330197e+00 -6.29238783e+00 -6.53044733e+00 -6.76701859e+00
 -7.00289490e+00 -7.23825178e+00 -7.47196970e+00 -7.70308569e+00
 -7.93190695e+00 -8.15977304e+00 -8.38673726e+00 -8.61225413e+00
 -8.83719590e+00 -9.06062404e+00 -9.28353230e+00 -9.50639501e+00
 -9.72799798e+00 -9.94869537e+00 -1.01673381e+01 -1.03844707e+01
 -1.06010329e+01 -1.08178227e+01 -1.10324405e+01 -1.12444628e+01
 -1.14542063e+01 -1.16631828e+01 -1.18698696e+01 -1.20741832e+01
 -1.22760672e+01 -1.24760488e+01 -1.26742638e+01 -1.28732159e+01
 -1.30719436e+01 -1.32695243e+01 -1.34665148e+01 -1.36618740e+01
 -1.38520232e+01 -1.40397039e+01 -1.42261997e+01 -1.44112281e+01
 -1.45942549e+01 -1.47754609e+01 -1.49553606e+01 -1.51333699e+01
 -1.53086301e+01 -1.54840670e+01 -1.56585930e+01 -1.58308492e+01
 -1.60022963e+01 -1.61730862e+01 -1.63418723e+01 -1.65092941e+01
 -1.66748077e+01 -1.68387075e+01 -1.70012000e+01 -1.71625420e+01
 -1.73226574e+01 -1.74813797e+01 -1.76403870e+01 -1.77981354e+01
 -1.79534893e+01 -1.81075156e+01 -1.82591011e+01 -1.84094885e+01
 -1.85597397e+01 -1.87080684e+01 -1.88537922e+01 -1.90018770e+01
 -1.91498369e+01 -1.92944268e+01 -1.94372593e+01 -1.95762915e+01
 -1.97123258e+01 -1.98462865e+01 -1.99805510e+01 -2.01163926e+01
 -2.02508554e+01 -2.03823602e+01 -2.05120418e+01 -2.06415755e+01
 -2.07698204e+01 -2.08969251e+01 -2.10217381e+01 -2.11427937e+01
 -2.12594897e+01 -2.13737583e+01 -2.14875277e+01 -2.15992240e+01
 -2.17089254e+01 -2.18133770e+01 -2.19166139e+01 -2.20191597e+01
 -2.21196076e+01 -2.22144800e+01 -2.23061209e+01 -2.23927290e+01
 -2.24734027e+01 -2.25542494e+01 -2.26326446e+01 -2.27092555e+01
 -2.27776835e+01]
[-29.40703881 -28.17414062 -26.89839221 -25.60224533 -24.3031497
 -22.97490009 -21.63870904 -20.30026571 -18.97023762 -17.63466061
 -16.30185649 -14.98069839 -13.65954028 -12.35891372 -11.06788864
  -9.78802543  -8.5221342   -7.2997854   -6.08142564  -4.87143958
  -3.6775822   -2.4980471   -1.32991782  -0.18315483   0.94068475
   2.03238031   3.10795337   4.17484768   5.23925307   6.32106421
   7.41354855   8.50932043   9.58654569  10.65700261  11.7218972
  12.76029     13.77821894  14.79667068  15.80467015  16.80975679
  17.81760895  18.82537269  19.82398918  20.79930215  21.74661285
  22.68681979  23.62672904  24.56705484  25.50856044  26.4453714
  27.36385954  28.27328345  29.17150024  30.0639204   30.93638399
  31.78817352  32.62278609  33.44868361  34.24169737  35.02132794
  35.78536533  36.52128361  37.23501502  37.90242403  38.54179192
  39.17052341  39.79996421  40.42811083  41.04352294  41.65451006
  42.25972888  42.85542471  43.44855875  44.02991604  44.58875236
  45.1419355   45.67918869  46.20241575  46.72145726  47.20834553
  47.68829892  48.15514723  48.60964881  49.05662442  49.48074286
  49.89531981  50.30914358  50.71818586  51.01161104  51.39901849
  51.77654353  52.14051128  52.49889654  52.85227134  53.1944998
  53.5302398   53.84592302  54.13586429  54.41956569  54.70082203
  54.97435511  55.22221194  55.45141703  55.66430949  55.86707169
  56.06355918  56.25449122  56.43949151  56.60456662  56.74740669
  56.88204573  57.01219995  57.13123417  57.23120139  57.3619433
  57.57726228  57.63544443  57.68896015  57.73265475  57.76453353
  57.77761779  57.83269261  57.81120615  57.78057385  57.74243968
  57.68301045  57.60868131  57.63188328  57.51479743  57.39468066
  57.26247274  57.09794296  56.91762208  56.7324493   56.54000224
  56.34142154  56.13577376  55.92591618  56.40582916  56.19055594
  56.25136345  55.98658545  55.70428011  54.82138679  54.52848808
  54.22495288  53.91645198  53.59894215  51.42190549  51.09736136]
[ 58.84848303  58.48388649  58.40128591  58.0343274   57.66400696
  57.29037255  56.91362461  56.53394096  56.15131922  55.76594145
  55.37799446  54.98753987  54.59469715  54.19964354  53.80241481
  53.40310274  53.00193323  52.59900123  52.19436595  51.7881849
  51.38057486  50.9716056   50.56139257  50.15004443  49.73769048
  49.32442181  48.91032403  48.4955557   48.08017604  47.66426089
  47.24793044  46.83125441  46.41434334  45.99730327  45.58022395
  45.16317635  44.74622888  44.32948118  43.91301426  43.49691888
  43.0812533   44.09171077  43.67476783  43.25850766  42.84302598
  42.42833065  42.01447856  41.60156999  41.18964227  40.77873732
  40.3689154   39.96023101  39.55268109  39.14633945  38.74128938
  38.33752575  37.93506779  37.53397429  37.13427832  36.73597664
  36.3391142   35.94372552  35.54979041  35.15737181  34.76649123
  34.37708891  33.98919888  33.60286134  33.21805961  32.83479803
  32.45305994  32.0728212   31.69408208  31.31690021  30.9412128
  30.56695886  30.19419226  29.82282565  29.45283851  29.08429829
  28.71711263  28.35120315  27.98656569  27.62321938  27.26106505
  26.90004502  26.54021477  26.18141591  25.82358909  25.46681265
  25.11097943  24.75596887  24.40179371  24.04839547  23.69567012
  23.34360357  22.99213114  22.64118242  22.29067083  21.94056699
  21.59079917  21.24128072  20.89197021  20.54278076  20.1936768
  19.84456275  19.49536846  19.14605284  18.79654983  18.44674881
  18.09661731  17.74612653  17.39516281  17.04366351  16.69160643
  16.33889417  15.98547699  15.63130902  15.27632517  14.92047016
  14.56370532  14.20594682  13.84719474  13.48740749  13.12651084
  12.76446302  12.40126055  12.03685542  11.67118934  11.30430601
  10.93613587  10.56661651  10.19585398   9.82378133   9.4503121
   9.0755185    8.69943726   8.32199729   7.94319695   7.56315286
   7.18184293   6.79918844   6.41535104   6.03035609   5.64407912
   5.25673561   4.8683442    4.47884528   4.08839022   3.69707045
   3.30488729   2.91187558   2.51817405   2.1238991    1.72899561
   1.33363989   0.93795426   0.54192801   0.14574276  -0.25044767
  -0.64661932  -1.04267813  -1.43842488  -1.83381562  -2.22875123
  -2.62301988  -3.01647117  -3.40901387  -3.80052129  -4.19083613
  -4.57986232  -4.96743977  -5.35337033  -5.73750268  -6.11973202
  -6.49983654  -6.87770995  -7.253271    -7.62625753  -7.99645797
  -8.3637985   -8.72812667  -9.08921323  -9.44693235  -9.80118413
 -10.15168589 -10.49829269 -10.84094597 -11.17939367 -11.5134198
 -11.8429809  -12.16794849 -12.48797666 -12.80302862 -13.11302863
 -13.4177648  -13.71690466 -14.01055923 -14.29854613 -14.58044823
 -14.85638639 -15.12631199 -15.38989162 -15.64709276 -15.89773921
 -16.14165338 -16.37871816 -16.60899934 -16.83232614 -17.04848266
 -17.25745742 -17.45926774 -17.65359628 -17.84035268 -18.01959063
 -18.19119744 -18.35515673 -18.51137895 -18.65976508 -18.8002655
 -18.93276545 -19.0572619  -19.17384366 -19.28239453 -19.38286281
 -19.47503998 -19.55921439 -19.63527204 -19.7032613  -19.76319215
 -19.81479127 -19.85824035 -19.8936414  -19.92094359 -19.9400996
 -19.95123981 -19.95445313 -19.94957184 -19.93668468 -19.91598517
 -19.88731176 -19.85072071 -19.80648111 -19.75459629 -19.69499847
 -19.62774505 -19.55297318 -19.47065191 -19.38096548]
[-11.39457348 -10.02631499  -8.66349974  -7.30667352  -5.95629957
  -4.6126829   -3.27634428  -1.94760235  -0.62687377   0.68550163
   1.98907317   3.28352461   4.56850132   5.84368093   7.10863778
   8.36323193   9.60697267  10.83971608  12.06130917  13.27106014
  14.46879651  15.65449181  16.82767259  17.98817496  19.13600304
  20.27082071  21.39215613  22.49984329  23.59390178  24.67391528
  25.73991861  26.79175165  27.82904142  28.85159712  29.85960298
  30.85263163  31.83047365  32.7932969   33.74084992  34.67285534
  35.58946205  36.49054017  37.37577429  38.24542172  39.09917625
  39.93683282  40.75879762  41.5645017   42.35392193  43.12737035
  43.88476327  44.62585921  45.35050892  46.05905094  46.7512678
  47.42689699  48.08647578  48.72969075  49.35631004  49.966924
  50.5610834   51.13884701  51.70045973  52.24594432  52.77496434
  53.28792785  53.78471092  54.26532367  54.72979619  55.17827815
  55.61098014  56.02775676  56.42871201  56.81361855  57.18275955
  57.53653427  57.87463232  58.19718278  58.50438155  58.79620099
  59.07257748  59.33402662  59.58060708  59.81180529  60.02823351
  60.22998294  60.41685933  60.58927363  60.36992888  60.50768176
  60.63120571  60.7409014   60.83660052  60.91805485  60.98566984
  61.03993406  61.08075411  61.10819621  62.56919438  62.56889918
  62.55553988  62.5294927   62.49102673  62.44009925  62.37673543
  62.91971266  62.83022127  62.72864311  62.61522153  61.45691955
  61.32191298  61.17562226  61.01820553  60.96625436  60.78830912
  60.5997048   60.41290996  60.20120702  60.06960093  61.26432994
  61.551201    60.44039138  61.16273924  60.88812803  60.60320219
  60.30818384  60.00312024  60.6911952   60.37090302  60.04091003
  59.7016667   59.35338132  61.27446459  60.90962619  60.45687453
  60.0797832   59.69444558  59.30120971  58.90010277  58.49108363
  58.07462738  57.65099459  57.22010161  56.7822821   56.33772895
  55.88639437  55.42867475  54.96482356  54.49484188  54.0189545 ]
[ 48.15306047  47.95559906  47.75168097  47.5413422   47.32467515
  47.10162917  46.87250085  46.63731119  46.39619233  46.14930302
  45.8967017   45.63843304  45.37462055  45.10538676  44.83086284
  44.55121205  44.26649587  43.97678006  43.68225619  43.3830387
  43.07918562  43.26064517  42.95104954  42.63715997  42.31911668
  41.99703818  41.67105717  41.34124197  41.00764137  40.6704058
  40.32970986  39.98566843  39.63839105  39.28800557  38.93461551
  38.57830705  38.21914023  37.85730707  37.49293906  37.12614428
  36.75700821  36.38564595  36.01211636  35.63657344  35.25910023
  34.87984532  34.49890062  34.11635993  33.73232376  33.34687761
  32.96015601  32.5722172   32.1831467   31.793071    31.40208439
  31.01027505  30.61769457  30.22447231  29.83068851  29.43640959
  29.04170099  28.64665751  28.25138048  27.85593202  27.46036645
  27.064754    26.66916967  26.27367344  25.87834905  25.4832544
  25.0884446   24.69397457  24.29990737  23.90628064  23.51315397
  23.12059114  22.72861989  22.33728758  21.94663537  21.55671304
  21.16755646  20.77920707  20.39170778  20.00508351  19.61936516
  19.23458149  18.85074558  18.46787937  18.08603241  17.70520316
  17.32542376  16.94671737  16.56910918  16.19259025  15.81718489
  15.44289687  15.06974745  14.69774594  14.32689513  13.95718933
  13.58863541  13.22125068  12.85503689  12.49000295  12.12613655
  11.76342843  11.40188246  11.04150354  10.6822838   10.32423642
   9.96732874   9.61155966   9.2569265    8.9034249    8.55105296
   8.19980962   7.84967586   7.5006361    7.15267367   6.80579346
   6.45998595   6.11525601   5.77158438   5.42896352   5.08737279
   4.74680917   4.40725606   4.06871929   3.73118953   3.39465662
   3.05910147   2.72452653   2.39091821   2.05829225   1.72663734
   1.39594051   1.06618984   0.73739257   0.40953296   0.08262366
  -0.24333343  -0.56834802  -0.8924248   -1.21554086  -1.53771044
  -1.85893011  -2.17918842  -2.49847692  -2.81679722  -3.13413233
  -3.45048574  -3.76584813  -4.08018207  -4.3934818   -4.70574204
  -5.01695605  -5.32710849  -5.63617544  -5.94412959  -6.25097009
  -6.55661509  -6.86109768  -7.16439074  -7.46647036  -7.76728616
  -8.06682151  -8.36504271  -8.66191501  -8.95741251  -9.25151468
  -9.54417592  -9.83536213 -10.12503788 -10.41314006 -10.6996334
 -10.98448892 -11.26765014 -11.54907363 -11.82875036 -12.10662746
 -12.38264327 -12.65672649 -12.92885329 -13.19892228 -13.46692837
 -13.73283801 -13.99658539 -14.25812181 -14.51732791 -14.77417193
 -15.02863122 -15.28062733 -15.53012786 -15.7770698  -16.02135854
 -16.26291204 -16.50169369 -16.73767766 -16.9707961  -17.20094616
 -17.42807572 -17.65209678 -17.87296958 -18.09065568 -18.30509987
 -18.51623218 -18.72391171 -18.92810092 -19.12877043 -19.32582767
 -19.51926277 -19.708985   -19.89490279 -20.07696408 -20.25505863
 -20.42913144 -20.59917654 -20.76514127 -20.92695212 -21.08449001
 -21.23777043 -21.38671778 -21.53115181 -21.67108926 -21.8065476
 -21.93742062 -22.06363188 -22.18512578 -22.3018556  -22.41372944
 -22.52069725 -22.62277315 -22.71985453 -22.81195621 -22.89893754
 -22.9808027  -23.05748678 -23.12892418 -23.19504653 -23.25590933
 -23.31140528 -23.36146338 -23.4060824  -23.44523324 -23.47890187
 -23.50693577 -23.52931064 -23.546061   -23.55723162]
[-28.94814553 -27.79103999 -26.62855718 -25.46125003 -24.28978288
 -23.11472867 -21.93658529 -20.75587012 -19.57305606 -18.38865166
 -17.20325894 -16.01739355 -14.83156686 -13.64616213 -12.46165833
 -11.27847875 -10.09714616  -8.91809792  -7.74175451  -6.56853782
  -5.39878694  -4.2329654   -3.07139337  -1.91450033  -0.7625947
   0.3839133    1.52466148   2.65946266   3.78790516   4.90969676
   6.02451073   7.13205916   8.23207998   9.32434481  10.4085339
  11.48440797  12.55177355  13.610481    14.66020306  15.70063122
  16.73159002  17.75291667  18.76454453  19.76625837  20.75789595
  21.73932875  22.7103139   23.67060345  24.62013354  25.55888956
  26.48672633  27.4035906   28.30923847  29.20359652  30.08642993
  30.95777174  31.81752535  32.66563898  33.5020924   34.32679681
  35.13942692  35.94008287  36.60408928  37.3769698   38.1377907
  38.88646551  39.62291238  40.34711574  41.05906606  41.75857196
  42.4456957   43.1206051   43.78314491  44.43328643  45.07087746
  45.69603628  46.3088389   46.90925588  47.49722342  48.07253335
  48.63528409  49.18554324  49.723363    50.24874486  50.76159907
  51.26180454  51.74947988  52.23317963  52.69420838  53.14263418
  53.57852171  54.00178169  54.41227338  55.10495722  55.49327504
  55.86894074  56.23202397  56.58249008  56.9202061   57.19063396
  57.50230591  57.80136016  59.01966654  59.29908778  59.5659337
  59.82029231  60.06214941  60.29162784  60.50867948  60.69043801
  60.88039163  61.05804335  61.22346296  61.37673513  61.51780577
  61.64667136  61.76339084  61.4850083   61.57485737  61.65283503
  61.71901236  60.58528286  59.40608446  59.43100329  59.44421514
  59.44595739  60.01405978  59.99607031  59.96684228  59.9264075
  61.08068682  61.02008345  60.94838358  60.86580674  59.73081159
  59.62276919  59.50396493  58.59048031  58.4506823   57.93590539
  57.46438172  57.29600682  57.26251819  57.07427965  56.95729518
  56.14928172  55.93352658  55.70847911  55.47431438  55.23108517]
